{"Players":[{"UUID":"a53c37ec-8be4-31c1-a7de-e996fe848e18","DefaultHome":"baza","deathLocation":{"x":-634,"y":120,"z":869,"world":"minecraft:overworld"},"Homes":[{"name":"baza","x":-627,"y":120,"z":884,"world":"minecraft:overworld"},{"name":"end","x":3015,"y":57,"z":-3024,"world":"minecraft:the_end"}]},{"UUID":"758c6e16-5349-3033-8e2b-3bca0cdaf364","DefaultHome":"","deathLocation":{"x":-181,"y":37,"z":-393,"world":"minecraft:the_nether"},"Homes":[]},{"UUID":"67644420-c6b5-3058-b45d-50716a8f6589","DefaultHome":"","deathLocation":{"x":2313,"y":63,"z":-5262,"world":"minecraft:overworld"},"Homes":[]},{"UUID":"aa8bd435-46aa-34b5-bc7a-71f3764c5637","DefaultHome":"","deathLocation":{"x":-230,"y":80,"z":-394,"world":"minecraft:the_nether"},"Homes":[]},{"UUID":"a3ec0190-3bf2-3250-9763-eeb6e0b52953","DefaultHome":"end","deathLocation":{"x":4284,"y":134,"z":-2843,"world":"minecraft:the_end"},"Homes":[{"name":"end","x":-1139,"y":59,"z":225,"world":"minecraft:the_end"},{"name":"1","x":-627,"y":120,"z":883,"world":"minecraft:overworld"}]}]}