{"stats":{"minecraft:broken":{"minecraft:golden_leggings":1,"minecraft:stone_axe":1,"minecraft:wooden_axe":1},"minecraft:killed_by":{"minecraft:player":3,"minecraft:creeper":1,"minecraft:iron_golem":5,"minecraft:vindicator":3,"minecraft:skeleton":2,"minecraft:zombie":1,"minecraft:vex":2},"minecraft:custom":{"minecraft:mob_kills":78,"minecraft:interact_with_crafting_table":37,"minecraft:leave_game":1,"minecraft:time_since_death":802,"minecraft:climb_one_cm":872,"minecraft:sprint_one_cm":627313,"minecraft:walk_one_cm":282687,"minecraft:damage_blocked_by_shield":1141,"minecraft:drop":107,"minecraft:talked_to_villager":15,"minecraft:play_time":167725,"minecraft:deaths":24,"minecraft:sneak_time":15246,"minecraft:walk_under_water_one_cm":7295,"minecraft:boat_one_cm":672054,"minecraft:jump":4614,"minecraft:enchant_item":1,"minecraft:walk_on_water_one_cm":19736,"minecraft:total_world_time":167725,"minecraft:interact_with_furnace":27,"minecraft:traded_with_villager":10,"minecraft:time_since_rest":827,"minecraft:damage_taken":9201,"minecraft:damage_dealt":11719,"minecraft:swim_one_cm":75965,"minecraft:fly_one_cm":1054008,"minecraft:player_kills":1,"minecraft:open_chest":129,"minecraft:crouch_one_cm":64902,"minecraft:fall_one_cm":139272},"minecraft:crafted":{"minecraft:oak_planks":236,"minecraft:dark_oak_boat":4,"minecraft:blaze_powder":10,"minecraft:furnace":1,"minecraft:bookshelf":15,"minecraft:cooked_mutton":21,"minecraft:flint_and_steel":1,"minecraft:iron_boots":1,"minecraft:iron_axe":1,"minecraft:stone_pickaxe":1,"minecraft:chest":6,"minecraft:dark_oak_planks":112,"minecraft:wheat":198,"minecraft:diamond_sword":1,"minecraft:emerald":10,"minecraft:crafting_table":9,"minecraft:spruce_planks":36,"minecraft:enchanting_table":1,"minecraft:iron_helmet":1,"minecraft:wooden_pickaxe":2,"minecraft:stone_axe":1,"minecraft:air":0,"minecraft:iron_chestplate":1,"minecraft:book":41,"minecraft:paper":120,"minecraft:diamond_pickaxe":2,"minecraft:shield":1,"minecraft:stick":16,"minecraft:iron_pickaxe":1,"minecraft:iron_ingot":67,"minecraft:wooden_axe":1,"minecraft:gold_ingot":71,"minecraft:shears":1},"minecraft:picked_up":{"minecraft:iron_chestplate":1,"minecraft:crafting_table":6,"minecraft:chicken":1,"minecraft:brown_mushroom":4,"minecraft:wooden_pickaxe":1,"minecraft:oak_stairs":5,"minecraft:enchanted_book":1,"minecraft:gold_block":7,"minecraft:potion":1,"minecraft:nether_brick":29,"minecraft:shield":1,"minecraft:iron_axe":1,"minecraft:string":2,"minecraft:soul_soil":15,"minecraft:iron_leggings":1,"minecraft:gold_nugget":72,"minecraft:cobbled_deepslate":32,"minecraft:beef":67,"minecraft:rose_bush":4,"minecraft:azalea":4,"minecraft:iron_nugget":5,"minecraft:iron_pickaxe":3,"minecraft:melon_slice":12,"minecraft:sugar_cane":185,"minecraft:chest":4,"minecraft:iron_boots":3,"minecraft:diamond_hoe":3,"minecraft:egg":3,"minecraft:furnace":1,"minecraft:dark_oak_sapling":2,"minecraft:raw_iron":53,"minecraft:stick":7,"minecraft:fire_charge":3,"minecraft:porkchop":3,"minecraft:dark_oak_planks":7,"minecraft:arrow":7,"minecraft:rotten_flesh":23,"minecraft:nether_bricks":51,"minecraft:shears":1,"minecraft:hay_block":9,"minecraft:gold_ingot":7,"minecraft:blaze_rod":9,"minecraft:obsidian":9,"minecraft:glow_berries":4,"minecraft:mutton":1,"minecraft:bone_block":16,"minecraft:white_wool":3,"minecraft:cobblestone":39,"minecraft:enchanting_table":1,"minecraft:magma_block":1,"minecraft:cooked_beef":9,"minecraft:basalt":7,"minecraft:feather":2,"minecraft:leather":45,"minecraft:red_mushroom":21,"minecraft:tuff":3,"minecraft:oak_log":74,"minecraft:golden_boots":1,"minecraft:lapis_lazuli":164,"minecraft:dirt":5,"minecraft:red_carpet":9,"minecraft:bone":9,"minecraft:apple":1,"minecraft:kelp":1,"minecraft:wheat_seeds":12,"minecraft:raw_gold":28,"minecraft:oak_planks":29,"minecraft:soul_sand":23,"minecraft:pumpkin":6,"minecraft:quartz":200,"minecraft:birch_stairs":2,"minecraft:gravel":66,"minecraft:sand":1,"minecraft:stripped_spruce_log":3,"minecraft:spectral_arrow":24,"minecraft:crying_obsidian":1,"minecraft:dark_oak_log":29,"minecraft:diamond":19,"minecraft:stone_axe":1,"minecraft:diamond_axe":2,"minecraft:bread":45,"minecraft:emerald":2,"minecraft:netherrack":147,"minecraft:oak_sapling":1,"minecraft:bricks":1,"minecraft:coal":35,"minecraft:crimson_roots":1,"minecraft:diamond_pickaxe":1},"minecraft:killed":{"minecraft:spider":2,"minecraft:skeleton":6,"minecraft:chicken":1,"minecraft:magma_cube":1,"minecraft:pig":1,"minecraft:sheep":1,"minecraft:zombie":10,"minecraft:wither_skeleton":1,"minecraft:player":1,"minecraft:blaze":21,"minecraft:cow":33},"minecraft:dropped":{"minecraft:golden_boots":1,"minecraft:wheat_seeds":4,"minecraft:diamond_axe":1,"minecraft:oak_log":15,"minecraft:dark_oak_sapling":2,"minecraft:feather":1,"minecraft:glow_berries":2,"minecraft:coal":18,"minecraft:red_carpet":5,"minecraft:sand":1,"minecraft:iron_pickaxe":1,"minecraft:dark_oak_planks":5,"minecraft:white_wool":1,"minecraft:gold_ingot":68,"minecraft:bone":3,"minecraft:gravel":1,"minecraft:stone_axe":1,"minecraft:kelp":1,"minecraft:cobbled_deepslate":16,"minecraft:rotten_flesh":2,"minecraft:shears":1,"minecraft:filled_map":1,"minecraft:diamond_pickaxe":2,"minecraft:azalea":4,"minecraft:beef":1,"minecraft:stone_pickaxe":1,"minecraft:wooden_pickaxe":1,"minecraft:quartz":7},"minecraft:used":{"minecraft:enchanting_table":2,"minecraft:flint_and_steel":3,"minecraft:diamond_hoe":9,"minecraft:chest":8,"minecraft:shield":13,"minecraft:rotten_flesh":13,"minecraft:netherrack":133,"minecraft:soul_sand":6,"minecraft:dirt":3,"minecraft:nether_bricks":39,"minecraft:tuff":3,"minecraft:obsidian":11,"minecraft:wooden_axe":34,"minecraft:dark_oak_planks":49,"minecraft:bookshelf":15,"minecraft:iron_axe":181,"minecraft:basalt":4,"minecraft:golden_sword":18,"minecraft:golden_carrot":4,"minecraft:beef":14,"minecraft:dark_oak_boat":4,"minecraft:soul_soil":15,"minecraft:furnace":2,"minecraft:egg":1,"minecraft:cobbled_deepslate":16,"minecraft:cooked_mutton":20,"minecraft:stone_pickaxe":10,"minecraft:oak_planks":29,"minecraft:wooden_pickaxe":21,"minecraft:sugar_cane":64,"minecraft:glow_berries":2,"minecraft:crafting_table":14,"minecraft:diamond_pickaxe":520,"minecraft:bread":15,"minecraft:melon_slice":4,"minecraft:iron_pickaxe":104,"minecraft:gravel":30,"minecraft:stone_axe":110,"minecraft:potion":1,"minecraft:porkchop":3},"minecraft:mined":{"minecraft:dark_oak_planks":8,"minecraft:nether_gold_ore":17,"minecraft:red_carpet":5,"minecraft:tuff":3,"minecraft:dark_oak_leaves":11,"minecraft:deepslate_diamond_ore":19,"minecraft:dark_oak_log":28,"minecraft:obsidian":7,"minecraft:nether_bricks":5,"minecraft:cave_vines_plant":1,"minecraft:grass_block":2,"minecraft:crimson_roots":2,"minecraft:brown_mushroom_block":12,"minecraft:soul_soil":17,"minecraft:kelp":1,"minecraft:hay_block":9,"minecraft:magma_block":1,"minecraft:furnace":1,"minecraft:fire":10,"minecraft:stripped_spruce_log":3,"minecraft:pumpkin":6,"minecraft:deepslate_lapis_ore":17,"minecraft:enchanting_table":1,"minecraft:gold_block":7,"minecraft:flowering_azalea_leaves":1,"minecraft:cave_vines":4,"minecraft:deepslate_iron_ore":24,"minecraft:oak_stairs":1,"minecraft:azalea":1,"minecraft:stone":16,"minecraft:bone_block":16,"minecraft:glass_pane":1,"minecraft:soul_sand":8,"minecraft:soul_fire":3,"minecraft:basalt":8,"minecraft:crafting_table":6,"minecraft:short_grass":117,"minecraft:melon":2,"minecraft:chest":4,"minecraft:rose_bush":5,"minecraft:mushroom_stem":11,"minecraft:nether_quartz_ore":189,"minecraft:tall_grass":5,"minecraft:cobblestone":24,"minecraft:deepslate_gold_ore":27,"minecraft:oak_planks":9,"minecraft:sugar_cane":92,"minecraft:bricks":1,"minecraft:iron_door":1,"minecraft:seagrass":2,"minecraft:light_gray_wool":1,"minecraft:oak_log":75,"minecraft:sunflower":1,"minecraft:dirt":1,"minecraft:sand":1,"minecraft:gravel":1,"minecraft:red_mushroom_block":43,"minecraft:netherrack":149,"minecraft:oak_leaves":16,"minecraft:deepslate":18}},"DataVersion":3700}