{"stats":{"minecraft:broken":{"minecraft:wooden_pickaxe":1,"minecraft:stone_pickaxe":1,"minecraft:golden_axe":1,"minecraft:iron_axe":1,"minecraft:stone_axe":1,"minecraft:iron_pickaxe":1,"minecraft:golden_pickaxe":1,"minecraft:stone_shovel":1},"minecraft:custom":{"minecraft:mob_kills":38,"minecraft:interact_with_crafting_table":23,"minecraft:interact_with_campfire":1,"minecraft:bell_ring":4,"minecraft:leave_game":1,"minecraft:time_since_death":8025,"minecraft:climb_one_cm":1915,"minecraft:sprint_one_cm":391347,"minecraft:walk_one_cm":521861,"minecraft:damage_blocked_by_shield":150,"minecraft:drop":105,"minecraft:talked_to_villager":2,"minecraft:play_time":161007,"minecraft:deaths":14,"minecraft:sneak_time":13417,"minecraft:walk_under_water_one_cm":7424,"minecraft:boat_one_cm":271050,"minecraft:jump":2813,"minecraft:walk_on_water_one_cm":17922,"minecraft:enchant_item":2,"minecraft:total_world_time":161007,"minecraft:interact_with_furnace":9,"minecraft:interact_with_cartography_table":1,"minecraft:sleep_in_bed":1,"minecraft:time_since_rest":8052,"minecraft:damage_taken":6752,"minecraft:damage_dealt":6759,"minecraft:fly_one_cm":486338,"minecraft:player_kills":3,"minecraft:open_chest":51,"minecraft:crouch_one_cm":49230,"minecraft:interact_with_smoker":1,"minecraft:fall_one_cm":82869},"minecraft:crafted":{"minecraft:oak_planks":308,"minecraft:stone_shovel":2,"minecraft:dark_oak_boat":1,"minecraft:furnace":1,"minecraft:spruce_stairs":28,"minecraft:iron_boots":1,"minecraft:iron_axe":1,"minecraft:stone_pickaxe":1,"minecraft:dark_oak_planks":16,"minecraft:wheat":220,"minecraft:cooked_beef":21,"minecraft:diamond_axe":1,"minecraft:dark_oak_stairs":60,"minecraft:crafting_table":5,"minecraft:spruce_planks":72,"minecraft:wooden_pickaxe":1,"minecraft:stone_axe":1,"minecraft:bread":76,"minecraft:air":0,"minecraft:iron_chestplate":1,"minecraft:wooden_hoe":1,"minecraft:shield":1,"minecraft:stick":24,"minecraft:iron_ingot":29,"minecraft:iron_shovel":1,"minecraft:iron_leggings":1},"minecraft:killed_by":{"minecraft:ghast":1,"minecraft:evoker":1,"minecraft:player":1,"minecraft:vindicator":2,"minecraft:skeleton":3,"minecraft:zombie":2,"minecraft:vex":2},"minecraft:picked_up":{"minecraft:spruce_leaves":3,"minecraft:cocoa_beans":3,"minecraft:crafting_table":4,"minecraft:splash_potion":2,"minecraft:chicken":6,"minecraft:oak_stairs":86,"minecraft:enchanted_book":1,"minecraft:nether_brick":12,"minecraft:string":11,"minecraft:moss_carpet":1,"minecraft:iron_axe":1,"minecraft:white_carpet":2,"minecraft:gold_nugget":15,"minecraft:cobbled_deepslate":38,"minecraft:spruce_planks":1,"minecraft:beef":8,"minecraft:rose_bush":8,"minecraft:iron_pickaxe":1,"minecraft:iron_nugget":10,"minecraft:poppy":1,"minecraft:light_gray_wool":1,"minecraft:sugar_cane":7,"minecraft:iron_boots":2,"minecraft:egg":3,"minecraft:raw_iron":39,"minecraft:stick":11,"minecraft:oak_door":2,"minecraft:torch":7,"minecraft:spruce_stairs":1,"minecraft:fire_charge":6,"minecraft:porkchop":4,"minecraft:redstone":1,"minecraft:dark_oak_planks":103,"minecraft:arrow":2,"minecraft:rotten_flesh":16,"minecraft:nether_bricks":67,"minecraft:hay_block":26,"minecraft:gold_ingot":4,"minecraft:blaze_rod":2,"minecraft:obsidian":3,"minecraft:glow_berries":25,"minecraft:mutton":3,"minecraft:cobblestone":429,"minecraft:white_wool":1,"minecraft:basalt":4,"minecraft:feather":6,"minecraft:iron_door":1,"minecraft:leather":19,"minecraft:dark_oak_boat":5,"minecraft:smoker":1,"minecraft:tuff":12,"minecraft:oak_log":77,"minecraft:golden_boots":1,"minecraft:cobblestone_wall":3,"minecraft:cobblestone_stairs":5,"minecraft:dirt":376,"minecraft:red_carpet":2,"minecraft:bone":11,"minecraft:bow":1,"minecraft:wheat_seeds":13,"minecraft:moss_block":3,"minecraft:soul_sand":15,"minecraft:oak_planks":13,"minecraft:dark_oak_stairs":3,"minecraft:pumpkin":6,"minecraft:quartz":26,"minecraft:gravel":33,"minecraft:sand":7,"minecraft:spruce_sapling":15,"minecraft:spruce_log":76,"minecraft:crying_obsidian":7,"minecraft:spectral_arrow":24,"minecraft:dark_oak_log":4,"minecraft:mossy_cobblestone":1,"minecraft:stone_axe":1,"minecraft:diamond_axe":1,"minecraft:emerald":2,"minecraft:bread":32,"minecraft:baked_potato":1,"minecraft:oak_sapling":1,"minecraft:netherrack":47,"minecraft:crimson_roots":1,"minecraft:sunflower":22,"minecraft:diamond_pickaxe":3},"minecraft:killed":{"minecraft:spider":1,"minecraft:vindicator":2,"minecraft:skeleton":4,"minecraft:chicken":6,"minecraft:axolotl":1,"minecraft:pig":2,"minecraft:creeper":2,"minecraft:sheep":2,"minecraft:zombie":8,"minecraft:player":1,"minecraft:blaze":1,"minecraft:cow":4},"minecraft:dropped":{"minecraft:bread":109,"minecraft:soul_sand":13,"minecraft:diamond_axe":2,"minecraft:wheat_seeds":1,"minecraft:lapis_lazuli":62,"minecraft:cooked_beef":9,"minecraft:dark_oak_sapling":28,"minecraft:spectral_arrow":24,"minecraft:leather":18,"minecraft:stick":7,"minecraft:emerald":2,"minecraft:crimson_roots":1,"minecraft:rose_bush":1,"minecraft:iron_door":1,"minecraft:fire_charge":2,"minecraft:iron_leggings":1,"minecraft:gold_nugget":15,"minecraft:iron_axe":1,"minecraft:iron_pickaxe":2,"minecraft:string":10,"minecraft:bone":2,"minecraft:gold_ingot":3,"minecraft:gravel":32,"minecraft:stone_axe":1,"minecraft:iron_nugget":15,"minecraft:nether_brick":12,"minecraft:blaze_rod":2,"minecraft:diamond_hoe":2,"minecraft:obsidian":2,"minecraft:raw_iron":28,"minecraft:iron_boots":3,"minecraft:light_gray_wool":1,"minecraft:oak_planks":42,"minecraft:nether_bricks":45,"minecraft:shield":1,"minecraft:iron_chestplate":1,"minecraft:diamond_pickaxe":3,"minecraft:beetroot_seeds":1,"minecraft:crying_obsidian":7,"minecraft:enchanted_book":1,"minecraft:golden_boots":1,"minecraft:quartz":26,"minecraft:splash_potion":1,"minecraft:netherrack":7},"minecraft:used":{"minecraft:moss_block":3,"minecraft:moss_carpet":1,"minecraft:iron_shovel":267,"minecraft:flint_and_steel":15,"minecraft:stone_shovel":134,"minecraft:spruce_planks":1,"minecraft:shield":3,"minecraft:rotten_flesh":3,"minecraft:netherrack":40,"minecraft:torch":3,"minecraft:spruce_leaves":3,"minecraft:soul_sand":2,"minecraft:dirt":224,"minecraft:mutton":1,"minecraft:white_carpet":2,"minecraft:nether_bricks":22,"minecraft:spruce_stairs":28,"minecraft:tuff":10,"minecraft:granite":8,"minecraft:obsidian":1,"minecraft:dark_oak_planks":13,"minecraft:iron_axe":320,"minecraft:oak_stairs":75,"minecraft:basalt":4,"minecraft:beef":2,"minecraft:dark_oak_boat":6,"minecraft:furnace":1,"minecraft:oak_sapling":1,"minecraft:egg":2,"minecraft:cooked_beef":12,"minecraft:cobbled_deepslate":38,"minecraft:golden_axe":24,"minecraft:dark_oak_stairs":43,"minecraft:diorite":2,"minecraft:stone_pickaxe":113,"minecraft:oak_planks":158,"minecraft:baked_potato":1,"minecraft:wooden_pickaxe":46,"minecraft:diamond_axe":11,"minecraft:white_wool":1,"minecraft:mossy_cobblestone":1,"minecraft:glow_berries":25,"minecraft:sand":7,"minecraft:crafting_table":6,"minecraft:spruce_log":62,"minecraft:wooden_hoe":26,"minecraft:diamond_pickaxe":10,"minecraft:bread":24,"minecraft:iron_pickaxe":232,"minecraft:gravel":1,"minecraft:stone_axe":87,"minecraft:fire_charge":4,"minecraft:cobblestone":436,"minecraft:andesite":3,"minecraft:pumpkin_pie":1,"minecraft:splash_potion":1,"minecraft:golden_pickaxe":74},"minecraft:mined":{"minecraft:dark_oak_planks":16,"minecraft:nether_gold_ore":5,"minecraft:red_carpet":2,"minecraft:tuff":12,"minecraft:spruce_planks":1,"minecraft:mossy_cobblestone":1,"minecraft:oak_door":2,"minecraft:cobblestone_stairs":5,"minecraft:dark_oak_log":6,"minecraft:cave_vines_plant":1,"minecraft:nether_bricks":70,"minecraft:grass_block":357,"minecraft:crimson_roots":1,"minecraft:redstone_wire":1,"minecraft:spruce_leaves":36,"minecraft:moss_block":3,"minecraft:large_fern":1,"minecraft:hay_block":26,"minecraft:iron_ore":5,"minecraft:fire":13,"minecraft:moss_carpet":1,"minecraft:pumpkin":6,"minecraft:dark_oak_stairs":3,"minecraft:cave_vines":2,"minecraft:deepslate_iron_ore":34,"minecraft:oak_stairs":97,"minecraft:stone":15,"minecraft:glass_pane":10,"minecraft:soul_sand":2,"minecraft:crimson_nylium":1,"minecraft:smoker":1,"minecraft:brown_carpet":4,"minecraft:basalt":4,"minecraft:crafting_table":4,"minecraft:torch":2,"minecraft:short_grass":45,"minecraft:rose_bush":2,"minecraft:tall_grass":32,"minecraft:cobblestone":180,"minecraft:oak_planks":14,"minecraft:sugar_cane":5,"minecraft:wall_torch":1,"minecraft:spruce_stairs":2,"minecraft:cobblestone_wall":1,"minecraft:white_carpet":3,"minecraft:spruce_log":76,"minecraft:birch_leaves":4,"minecraft:oak_log":42,"minecraft:cocoa":1,"minecraft:sunflower":22,"minecraft:dirt":4,"minecraft:netherrack":63,"minecraft:oak_leaves":4,"minecraft:deepslate":19,"minecraft:fern":1}},"DataVersion":3700}