{"stats":{"minecraft:broken":{"minecraft:iron_boots":2,"minecraft:stone_pickaxe":1,"minecraft:stone_axe":1,"minecraft:shield":2,"minecraft:iron_pickaxe":1,"minecraft:iron_helmet":2},"minecraft:killed_by":{"minecraft:creeper":3,"minecraft:blaze":4,"minecraft:zombie":4,"minecraft:player":2,"minecraft:spider":1,"minecraft:enderman":13,"minecraft:ender_dragon":3,"minecraft:shulker":2,"minecraft:skeleton":6},"minecraft:custom":{"minecraft:interact_with_crafting_table":43,"minecraft:open_shulker_box":60,"minecraft:bell_ring":2,"minecraft:leave_game":3,"minecraft:time_since_death":25671,"minecraft:sprint_one_cm":1224169,"minecraft:damage_blocked_by_shield":6683,"minecraft:drop":55,"minecraft:talked_to_villager":1,"minecraft:play_time":434375,"minecraft:deaths":45,"minecraft:jump":8719,"minecraft:interact_with_brewingstand":3,"minecraft:walk_on_water_one_cm":34098,"minecraft:enchant_item":16,"minecraft:interact_with_furnace":55,"minecraft:sleep_in_bed":2,"minecraft:open_enderchest":1,"minecraft:damage_dealt":63690,"minecraft:player_kills":1,"minecraft:crouch_one_cm":72801,"minecraft:horse_one_cm":721956,"minecraft:mob_kills":282,"minecraft:climb_one_cm":1095,"minecraft:walk_one_cm":557230,"minecraft:sneak_time":30183,"minecraft:walk_under_water_one_cm":39521,"minecraft:total_world_time":434375,"minecraft:interact_with_grindstone":15,"minecraft:time_since_rest":25705,"minecraft:damage_taken":22541,"minecraft:swim_one_cm":129944,"minecraft:fly_one_cm":2497833,"minecraft:open_chest":143,"minecraft:aviate_one_cm":2054525,"minecraft:fall_one_cm":288303},"minecraft:crafted":{"minecraft:oak_planks":76,"minecraft:cooked_chicken":12,"minecraft:bookshelf":15,"minecraft:shulker_box":3,"minecraft:warped_planks":136,"minecraft:dark_oak_door":6,"minecraft:diamond_helmet":1,"minecraft:diamond_leggings":1,"minecraft:bow":1,"minecraft:iron_boots":2,"minecraft:chest":7,"minecraft:diamond_axe":1,"minecraft:crafting_table":5,"minecraft:wooden_pickaxe":1,"minecraft:iron_helmet":1,"minecraft:iron_chestplate":1,"minecraft:diamond_pickaxe":2,"minecraft:shield":3,"minecraft:stick":28,"minecraft:iron_ingot":56,"minecraft:iron_pickaxe":2,"minecraft:acacia_door":3,"minecraft:gold_ingot":6,"minecraft:shears":1,"minecraft:furnace":2,"minecraft:dark_oak_trapdoor":2,"minecraft:iron_axe":1,"minecraft:stone_pickaxe":2,"minecraft:dark_oak_planks":76,"minecraft:wheat":485,"minecraft:cooked_beef":23,"minecraft:diamond_sword":3,"minecraft:enchanting_table":1,"minecraft:bucket":1,"minecraft:stone_axe":2,"minecraft:air":0,"minecraft:bread":164,"minecraft:iron_leggings":1,"minecraft:acacia_planks":156,"minecraft:lapis_lazuli":27,"minecraft:lapis_block":13,"minecraft:diamond_chestplate":1},"minecraft:picked_up":{"minecraft:shulker_shell":11,"minecraft:seagrass":4,"minecraft:wheat":10,"minecraft:nether_brick_fence":2,"minecraft:potion":1,"minecraft:string":16,"minecraft:gold_nugget":58,"minecraft:cobbled_deepslate":265,"minecraft:azalea":5,"minecraft:iron_pickaxe":1,"minecraft:iron_boots":1,"minecraft:furnace":8,"minecraft:dark_oak_door":11,"minecraft:stick":5,"minecraft:oak_fence":1,"minecraft:torch":2,"minecraft:acacia_log":39,"minecraft:purpur_pillar":8,"minecraft:porkchop":7,"minecraft:pointed_dripstone":2,"minecraft:diorite":81,"minecraft:warped_planks":2,"minecraft:rotten_flesh":33,"minecraft:blaze_rod":3,"minecraft:obsidian":10,"minecraft:cobblestone":294,"minecraft:pink_petals":92,"minecraft:feather":15,"minecraft:iron_door":3,"minecraft:andesite":27,"minecraft:brown_wool":2,"minecraft:tuff":1,"minecraft:dirt":33,"minecraft:lapis_lazuli":171,"minecraft:bone":25,"minecraft:bow":1,"minecraft:wheat_seeds":6,"minecraft:raw_gold":31,"minecraft:grindstone":3,"minecraft:mossy_stone_bricks":1,"minecraft:diamond_helmet":1,"minecraft:moss_block":18,"minecraft:oak_planks":1,"minecraft:warped_wart_block":2,"minecraft:sand":22,"minecraft:dark_oak_log":26,"minecraft:shulker_box":7,"minecraft:diamond":68,"minecraft:granite":20,"minecraft:oak_sapling":1,"minecraft:netherrack":98,"minecraft:end_stone_bricks":8,"minecraft:mud":2,"minecraft:crafting_table":10,"minecraft:chicken":17,"minecraft:nether_wart":11,"minecraft:clay_ball":8,"minecraft:purpur_block":14,"minecraft:elytra":3,"minecraft:item_frame":1,"minecraft:beef":72,"minecraft:light_gray_wool":3,"minecraft:sugar_cane":24,"minecraft:chest":10,"minecraft:egg":5,"minecraft:raw_iron":91,"minecraft:sandstone":5,"minecraft:end_stone":182,"minecraft:carrot":1,"minecraft:redstone":19,"minecraft:arrow":168,"minecraft:nether_bricks":29,"minecraft:hay_block":54,"minecraft:saddle":1,"minecraft:gold_ingot":2,"minecraft:glow_berries":3,"minecraft:mutton":25,"minecraft:white_wool":40,"minecraft:salmon":3,"minecraft:leather":38,"minecraft:red_mushroom":3,"minecraft:crimson_fungus":1,"minecraft:oak_log":19,"minecraft:golden_boots":1,"minecraft:yellow_bed":1,"minecraft:gunpowder":3,"minecraft:paper":9,"minecraft:cooked_mutton":5,"minecraft:stone_bricks":3,"minecraft:warped_stem":44,"minecraft:spore_blossom":2,"minecraft:iron_ingot":17,"minecraft:glass_bottle":1,"minecraft:acacia_sapling":3,"minecraft:book":717,"minecraft:sweet_berries":27,"minecraft:quartz":274,"minecraft:dripstone_block":2,"minecraft:gravel":10,"minecraft:spider_eye":1,"minecraft:firework_rocket":27,"minecraft:iron_helmet":1,"minecraft:cherry_sapling":7,"minecraft:gray_wool":8,"minecraft:warped_roots":7,"minecraft:black_wool":3,"minecraft:warped_nylium":10,"minecraft:coal":54,"minecraft:ender_pearl":44},"minecraft:killed":{"minecraft:cave_spider":2,"minecraft:spider":7,"minecraft:shulker":20,"minecraft:skeleton":21,"minecraft:chicken":17,"minecraft:turtle":2,"minecraft:pig":3,"minecraft:salmon":4,"minecraft:ender_dragon":1,"minecraft:creeper":6,"minecraft:sheep":15,"minecraft:donkey":2,"minecraft:zombie":38,"minecraft:cow":35,"minecraft:blaze":8,"minecraft:horse":6,"minecraft:wither_skeleton":1,"minecraft:player":1,"minecraft:enderman":88},"minecraft:dropped":{"minecraft:lapis_lazuli":21,"minecraft:ender_pearl":6,"minecraft:glass_bottle":1,"minecraft:spore_blossom":2,"minecraft:warped_roots":7,"minecraft:red_mushroom":3,"minecraft:dirt":2,"minecraft:seagrass":4,"minecraft:iron_pickaxe":1,"minecraft:dark_oak_planks":1,"minecraft:dark_oak_door":6,"minecraft:stone_axe":1,"minecraft:purpur_block":3,"minecraft:cobbled_deepslate":10,"minecraft:rotten_flesh":11,"minecraft:nether_brick_fence":1,"minecraft:azalea":5,"minecraft:netherrack":3,"minecraft:firework_rocket":1,"minecraft:iron_ingot":6,"minecraft:wheat_seeds":2,"minecraft:dripstone_block":1,"minecraft:cobblestone":34,"minecraft:book":33,"minecraft:granite":20,"minecraft:stick":2,"minecraft:diorite":53,"minecraft:brown_wool":2,"minecraft:potion":1,"minecraft:string":2,"minecraft:pink_petals":5,"minecraft:warped_nylium":3,"minecraft:blaze_rod":3,"minecraft:tuff":1,"minecraft:raw_iron":12,"minecraft:andesite":18,"minecraft:bow":1,"minecraft:stone_pickaxe":1,"minecraft:wooden_pickaxe":1,"minecraft:black_wool":1},"minecraft:mined":{"minecraft:obsidian":10,"minecraft:cave_vines_plant":7,"minecraft:granite":13,"minecraft:acacia_log":40,"minecraft:grass_block":18,"minecraft:nether_wart":8,"minecraft:fire":2,"minecraft:iron_ore":49,"minecraft:cobbled_deepslate":14,"minecraft:moss_carpet":1,"minecraft:deepslate_lapis_ore":24,"minecraft:cave_vines":4,"minecraft:flowering_azalea_leaves":1,"minecraft:azalea":3,"minecraft:end_stone_bricks":9,"minecraft:deepslate_redstone_ore":5,"minecraft:crimson_nylium":3,"minecraft:clay":8,"minecraft:chest":10,"minecraft:dead_bush":2,"minecraft:nether_quartz_ore":194,"minecraft:cobblestone":24,"minecraft:sugar_cane":9,"minecraft:grindstone":3,"minecraft:oak_planks":1,"minecraft:iron_door":3,"minecraft:wall_torch":2,"minecraft:pink_petals":25,"minecraft:warped_nylium":20,"minecraft:dark_oak_door":11,"minecraft:warped_planks":2,"minecraft:mud":2,"minecraft:warped_fungus":2,"minecraft:purpur_block":11,"minecraft:oak_log":19,"minecraft:sand":6,"minecraft:dirt":15,"minecraft:red_mushroom_block":15,"minecraft:netherrack":90,"minecraft:oak_leaves":13,"minecraft:deepslate":258,"minecraft:nether_gold_ore":12,"minecraft:tuff":2,"minecraft:dark_oak_leaves":3,"minecraft:deepslate_diamond_ore":68,"minecraft:dark_oak_log":26,"minecraft:end_stone":183,"minecraft:shulker_box":7,"minecraft:nether_bricks":22,"minecraft:spruce_leaves":3,"minecraft:moss_block":21,"minecraft:hay_block":54,"minecraft:spore_blossom":1,"minecraft:furnace":8,"minecraft:nether_sprouts":1,"minecraft:andesite":24,"minecraft:nether_brick_fence":1,"minecraft:bookshelf":233,"minecraft:deepslate_iron_ore":40,"minecraft:rail":1,"minecraft:warped_stem":46,"minecraft:stone":282,"minecraft:acacia_leaves":5,"minecraft:oak_fence":1,"minecraft:crafting_table":10,"minecraft:short_grass":59,"minecraft:warped_roots":1,"minecraft:purpur_pillar":9,"minecraft:tall_grass":10,"minecraft:lapis_ore":3,"minecraft:deepslate_gold_ore":32,"minecraft:diorite":73,"minecraft:warped_wart_block":3,"minecraft:sweet_berry_bush":12,"minecraft:yellow_bed":1,"minecraft:coal_ore":25,"minecraft:dripstone_block":1,"minecraft:gravel":3,"minecraft:cobweb":8,"minecraft:stone_bricks":5,"minecraft:mossy_stone_bricks":1,"minecraft:fern":8},"minecraft:used":{"minecraft:elytra":1,"minecraft:chest":9,"minecraft:shield":135,"minecraft:mutton":7,"minecraft:bow":114,"minecraft:sweet_berries":5,"minecraft:furnace":10,"minecraft:egg":2,"minecraft:diorite":23,"minecraft:end_stone_bricks":1,"minecraft:stone_pickaxe":163,"minecraft:oak_planks":60,"minecraft:ender_pearl":37,"minecraft:wooden_pickaxe":19,"minecraft:sandstone":5,"minecraft:diamond_axe":706,"minecraft:sugar_cane":18,"minecraft:purpur_pillar":7,"minecraft:dark_oak_trapdoor":2,"minecraft:sand":22,"minecraft:end_stone":182,"minecraft:firework_rocket":24,"minecraft:acacia_door":1,"minecraft:bread":142,"minecraft:diamond_sword":633,"minecraft:grindstone":3,"minecraft:oak_fence":1,"minecraft:purpur_block":6,"minecraft:enchanting_table":1,"minecraft:cooked_chicken":12,"minecraft:netherrack":65,"minecraft:torch":20,"minecraft:dirt":19,"minecraft:shulker_box":10,"minecraft:bookshelf":15,"minecraft:iron_axe":114,"minecraft:diamond_chestplate":1,"minecraft:cooked_beef":23,"minecraft:cobbled_deepslate":254,"minecraft:water_bucket":60,"minecraft:crafting_table":15,"minecraft:warped_planks":101,"minecraft:dark_oak_door":11,"minecraft:mud":2,"minecraft:diamond_pickaxe":902,"minecraft:diamond_shovel":4,"minecraft:iron_pickaxe":531,"minecraft:stone_axe":98,"minecraft:pink_petals":43,"minecraft:cobblestone":232,"minecraft:potion":2,"minecraft:bucket":61}},"DataVersion":3700}