{"stats":{"minecraft:mined":{"minecraft:birch_leaves":1},"minecraft:used":{"minecraft:redstone_block":4,"minecraft:tnt":3},"minecraft:picked_up":{"minecraft:birch_sapling":1},"minecraft:custom":{"minecraft:jump":112,"minecraft:time_since_rest":4900,"minecraft:damage_dealt":10,"minecraft:crouch_one_cm":187,"minecraft:leave_game":2,"minecraft:play_time":4900,"minecraft:sprint_one_cm":6139,"minecraft:damage_taken":30,"minecraft:time_since_death":4900,"minecraft:walk_one_cm":2810,"minecraft:sneak_time":147,"minecraft:total_world_time":4900,"minecraft:fall_one_cm":2681,"minecraft:fly_one_cm":94924}},"DataVersion":3465}