{"stats":{"minecraft:broken":{"minecraft:stone_axe":1},"minecraft:killed_by":{"minecraft:player":1,"minecraft:creeper":1,"minecraft:spider":1,"minecraft:enderman":11,"minecraft:ender_dragon":2,"minecraft:shulker":1,"minecraft:hoglin":1,"minecraft:blaze":1,"minecraft:zombie":3},"minecraft:custom":{"minecraft:mob_kills":103,"minecraft:interact_with_crafting_table":44,"minecraft:open_shulker_box":11,"minecraft:leave_game":2,"minecraft:time_since_death":648,"minecraft:climb_one_cm":3686,"minecraft:sprint_one_cm":517424,"minecraft:walk_one_cm":570647,"minecraft:damage_blocked_by_shield":2988,"minecraft:drop":68,"minecraft:talked_to_villager":12,"minecraft:play_time":429549,"minecraft:deaths":27,"minecraft:sneak_time":20457,"minecraft:walk_under_water_one_cm":14095,"minecraft:interact_with_brewingstand":1,"minecraft:jump":5178,"minecraft:walk_on_water_one_cm":29439,"minecraft:enchant_item":6,"minecraft:total_world_time":429549,"minecraft:interact_with_furnace":58,"minecraft:traded_with_villager":22,"minecraft:interact_with_grindstone":3,"minecraft:sleep_in_bed":6,"minecraft:time_since_rest":940,"minecraft:damage_taken":12853,"minecraft:damage_dealt":33024,"minecraft:swim_one_cm":26450,"minecraft:fly_one_cm":1452259,"minecraft:player_kills":2,"minecraft:open_chest":124,"minecraft:crouch_one_cm":83200,"minecraft:aviate_one_cm":78106,"minecraft:fall_one_cm":168882,"minecraft:horse_one_cm":613812},"minecraft:crafted":{"minecraft:cherry_planks":142,"minecraft:oak_planks":184,"minecraft:blaze_powder":20,"minecraft:cooked_chicken":4,"minecraft:furnace":3,"minecraft:mushroom_stew":4,"minecraft:diamond_shovel":1,"minecraft:bookshelf":4,"minecraft:shulker_box":2,"minecraft:cooked_mutton":12,"minecraft:flint_and_steel":1,"minecraft:warped_planks":40,"minecraft:cherry_trapdoor":2,"minecraft:diamond_helmet":2,"minecraft:diamond_leggings":1,"minecraft:bow":1,"minecraft:iron_boots":2,"minecraft:iron_axe":1,"minecraft:stone_pickaxe":1,"minecraft:chest":15,"minecraft:diamond_boots":1,"minecraft:dark_oak_planks":36,"minecraft:ender_eye":13,"minecraft:gray_bed":2,"minecraft:wheat":454,"minecraft:cooked_beef":21,"minecraft:arrow":260,"minecraft:emerald":8,"minecraft:cooked_porkchop":10,"minecraft:diamond_axe":1,"minecraft:crafting_table":3,"minecraft:spruce_planks":62,"minecraft:wooden_pickaxe":1,"minecraft:iron_helmet":1,"minecraft:bowl":4,"minecraft:fletching_table":2,"minecraft:bucket":1,"minecraft:hay_block":7,"minecraft:stone_axe":2,"minecraft:bread":130,"minecraft:air":0,"minecraft:paper":18,"minecraft:diamond_pickaxe":1,"minecraft:shield":2,"minecraft:stick":288,"minecraft:iron_ingot":20,"minecraft:iron_pickaxe":1,"minecraft:gold_ingot":34,"minecraft:iron_leggings":1,"minecraft:white_bed":14,"minecraft:torch":4,"minecraft:firework_rocket":27,"minecraft:shears":1,"minecraft:diamond_chestplate":1},"minecraft:picked_up":{"minecraft:shulker_shell":8,"minecraft:crafting_table":6,"minecraft:chicken":1,"minecraft:nether_wart":26,"minecraft:brown_mushroom":17,"minecraft:enchanted_book":1,"minecraft:stripped_cherry_log":1,"minecraft:nether_brick":11,"minecraft:dragon_head":1,"minecraft:string":2,"minecraft:brewing_stand":1,"minecraft:purpur_block":25,"minecraft:elytra":1,"minecraft:moss_carpet":3,"minecraft:iron_axe":1,"minecraft:iron_leggings":1,"minecraft:blackstone":16,"minecraft:gold_nugget":20,"minecraft:cobbled_deepslate":11,"minecraft:ender_eye":5,"minecraft:azalea":5,"minecraft:light_gray_wool":3,"minecraft:iron_pickaxe":1,"minecraft:cherry_trapdoor":1,"minecraft:sugar_cane":18,"minecraft:iron_boots":2,"minecraft:furnace":1,"minecraft:dark_oak_sapling":2,"minecraft:end_stone":625,"minecraft:stick":7,"minecraft:raw_iron":24,"minecraft:purpur_pillar":1,"minecraft:acacia_log":1,"minecraft:torch":6,"minecraft:porkchop":3,"minecraft:cherry_log":39,"minecraft:diorite":80,"minecraft:warped_planks":2,"minecraft:redstone":17,"minecraft:arrow":4,"minecraft:rotten_flesh":12,"minecraft:nether_bricks":19,"minecraft:hay_block":55,"minecraft:end_rod":1,"minecraft:mangrove_roots":24,"minecraft:gold_ingot":47,"minecraft:mutton":3,"minecraft:blaze_rod":10,"minecraft:glow_berries":1,"minecraft:obsidian":11,"minecraft:white_wool":36,"minecraft:cobblestone":240,"minecraft:pink_petals":114,"minecraft:magma_block":2,"minecraft:feather":2,"minecraft:cherry_planks":3,"minecraft:andesite":26,"minecraft:leather":4,"minecraft:red_mushroom":12,"minecraft:purpur_stairs":1,"minecraft:flint":14,"minecraft:tuff":1,"minecraft:oak_log":46,"minecraft:yellow_bed":1,"minecraft:lapis_lazuli":21,"minecraft:dirt":35,"minecraft:twisting_vines":1,"minecraft:cooked_mutton":6,"minecraft:bone":5,"minecraft:wheat_seeds":5,"minecraft:warped_stem":1,"minecraft:raw_gold":9,"minecraft:iron_ingot":6,"minecraft:fletching_table":1,"minecraft:moss_block":1,"minecraft:soul_sand":34,"minecraft:book":12,"minecraft:quartz":2,"minecraft:warped_wart_block":7,"minecraft:gravel":139,"minecraft:sand":4,"minecraft:shulker_box":1,"minecraft:dragon_egg":1,"minecraft:white_bed":2,"minecraft:spruce_log":16,"minecraft:crying_obsidian":8,"minecraft:spectral_arrow":10,"minecraft:dark_oak_log":38,"minecraft:firework_rocket":1,"minecraft:diamond":12,"minecraft:iron_helmet":1,"minecraft:granite":2,"minecraft:gray_wool":9,"minecraft:warped_roots":5,"minecraft:rooted_dirt":1,"minecraft:end_stone_bricks":7,"minecraft:chorus_fruit":15,"minecraft:warped_nylium":4,"minecraft:netherrack":60,"minecraft:coal":27,"minecraft:crimson_roots":3,"minecraft:ender_pearl":30},"minecraft:killed":{"minecraft:spider":3,"minecraft:shulker":11,"minecraft:chicken":1,"minecraft:zombie_villager":1,"minecraft:hoglin":1,"minecraft:sheep":6,"minecraft:zombie":19,"minecraft:wither_skeleton":2,"minecraft:player":2,"minecraft:enderman":46,"minecraft:blaze":11},"minecraft:dropped":{"minecraft:iron_ingot":1,"minecraft:warped_stem":1,"minecraft:wheat_seeds":5,"minecraft:dark_oak_sapling":2,"minecraft:iron_helmet":2,"minecraft:feather":2,"minecraft:cobblestone":11,"minecraft:warped_roots":5,"minecraft:granite":2,"minecraft:acacia_log":1,"minecraft:stick":8,"minecraft:dirt":3,"minecraft:torch":1,"minecraft:crimson_roots":3,"minecraft:iron_leggings":2,"minecraft:iron_axe":1,"minecraft:iron_pickaxe":2,"minecraft:paper":9,"minecraft:pink_petals":11,"minecraft:bone":2,"minecraft:gold_ingot":80,"minecraft:stone_axe":1,"minecraft:sugar_cane":2,"minecraft:warped_nylium":2,"minecraft:twisting_vines":1,"minecraft:wheat":1,"minecraft:iron_boots":1,"minecraft:warped_planks":2,"minecraft:arrow":147,"minecraft:stone_pickaxe":1,"minecraft:wooden_pickaxe":1,"minecraft:warped_wart_block":7,"minecraft:firework_rocket":27},"minecraft:used":{"minecraft:moss_block":1,"minecraft:purpur_block":25,"minecraft:flint_and_steel":20,"minecraft:shield":41,"minecraft:iron_sword":30,"minecraft:cooked_chicken":4,"minecraft:netherrack":60,"minecraft:torch":5,"minecraft:dirt":28,"minecraft:shulker_box":1,"minecraft:obsidian":12,"minecraft:dark_oak_planks":1,"minecraft:bookshelf":4,"minecraft:iron_axe":90,"minecraft:cherry_trapdoor":3,"minecraft:iron_helmet":1,"minecraft:iron_boots":1,"minecraft:bow":103,"minecraft:mangrove_roots":24,"minecraft:furnace":4,"minecraft:cooked_beef":21,"minecraft:cherry_log":4,"minecraft:iron_leggings":1,"minecraft:cooked_mutton":11,"minecraft:water_bucket":17,"minecraft:diorite":80,"minecraft:end_stone_bricks":3,"minecraft:stone_pickaxe":26,"minecraft:ender_pearl":17,"minecraft:wooden_pickaxe":17,"minecraft:cherry_planks":3,"minecraft:fletching_table":3,"minecraft:sugar_cane":2,"minecraft:diamond_axe":677,"minecraft:glow_berries":1,"minecraft:sand":4,"minecraft:crafting_table":8,"minecraft:mushroom_stew":4,"minecraft:white_bed":5,"minecraft:end_stone":625,"minecraft:ender_eye":16,"minecraft:diamond_pickaxe":1026,"minecraft:firework_rocket":1,"minecraft:diamond_shovel":142,"minecraft:crying_obsidian":3,"minecraft:dark_oak_log":1,"minecraft:chicken":1,"minecraft:bread":36,"minecraft:iron_pickaxe":131,"minecraft:gravel":139,"minecraft:stone_axe":150,"minecraft:pink_petals":11,"minecraft:cobblestone":197,"minecraft:cooked_porkchop":10,"minecraft:bucket":18,"minecraft:yellow_bed":1},"minecraft:mined":{"minecraft:dragon_wall_head":1,"minecraft:nether_gold_ore":7,"minecraft:tuff":1,"minecraft:white_bed":2,"minecraft:dark_oak_leaves":12,"minecraft:deepslate_diamond_ore":12,"minecraft:cherry_log":39,"minecraft:dark_oak_log":37,"minecraft:stripped_cherry_log":1,"minecraft:mangrove_roots":24,"minecraft:brewing_stand":1,"minecraft:shulker_box":1,"minecraft:end_stone":628,"minecraft:cherry_trapdoor":1,"minecraft:obsidian":10,"minecraft:nether_bricks":27,"minecraft:granite":9,"minecraft:grass_block":10,"minecraft:crimson_roots":1,"minecraft:brown_mushroom_block":45,"minecraft:moss_block":1,"minecraft:spawner":1,"minecraft:nether_wart":29,"minecraft:sandstone":5,"minecraft:rooted_dirt":1,"minecraft:hay_block":55,"minecraft:magma_block":2,"minecraft:furnace":1,"minecraft:nether_sprouts":1,"minecraft:iron_ore":5,"minecraft:fire":57,"minecraft:andesite":29,"minecraft:fletching_table":1,"minecraft:bookshelf":4,"minecraft:vine":1,"minecraft:cave_vines":1,"minecraft:dirt_path":3,"minecraft:deepslate_iron_ore":9,"minecraft:chorus_plant":1,"minecraft:end_stone_bricks":7,"minecraft:stone":164,"minecraft:deepslate_redstone_ore":4,"minecraft:brown_mushroom":3,"minecraft:cherry_planks":3,"minecraft:soul_sand":10,"minecraft:twisting_vines_plant":1,"minecraft:purpur_stairs":1,"minecraft:crimson_nylium":10,"minecraft:crafting_table":6,"minecraft:short_grass":20,"minecraft:warped_roots":1,"minecraft:purpur_pillar":1,"minecraft:mushroom_stem":10,"minecraft:nether_quartz_ore":2,"minecraft:tall_grass":1,"minecraft:cobblestone":44,"minecraft:deepslate_gold_ore":9,"minecraft:sugar_cane":19,"minecraft:diorite":40,"minecraft:wall_torch":3,"minecraft:warped_wart_block":6,"minecraft:pink_petals":36,"minecraft:warped_nylium":5,"minecraft:warped_planks":2,"minecraft:spruce_log":16,"minecraft:purpur_block":28,"minecraft:yellow_bed":1,"minecraft:coal_ore":15,"minecraft:oak_log":47,"minecraft:end_rod":1,"minecraft:cherry_leaves":5,"minecraft:sand":23,"minecraft:dirt":13,"minecraft:gravel":157,"minecraft:cracked_stone_bricks":1,"minecraft:red_mushroom_block":45,"minecraft:stone_bricks":2,"minecraft:netherrack":46,"minecraft:oak_leaves":2,"minecraft:deepslate":39}},"DataVersion":3700}