{"stats":{"minecraft:used":{"minecraft:wooden_sword":16,"minecraft:redstone_block":3},"minecraft:custom":{"minecraft:time_since_rest":37828,"minecraft:damage_dealt":988,"minecraft:leave_game":7,"minecraft:crouch_one_cm":176,"minecraft:time_since_death":37828,"minecraft:play_time":37828,"minecraft:sprint_one_cm":5669,"minecraft:walk_under_water_one_cm":129,"minecraft:walk_on_water_one_cm":513,"minecraft:walk_one_cm":6238,"minecraft:total_world_time":37828,"minecraft:sneak_time":616,"minecraft:mob_kills":5,"minecraft:swim_one_cm":494,"minecraft:fly_one_cm":162967,"minecraft:jump":104},"minecraft:picked_up":{"minecraft:bone":1,"minecraft:rotten_flesh":4,"minecraft:gunpowder":2},"minecraft:killed":{"minecraft:zombie":3,"minecraft:skeleton":1,"minecraft:creeper":1}},"DataVersion":3465}