{"stats":{"minecraft:mined":{"minecraft:birch_leaves":1},"minecraft:picked_up":{"minecraft:birch_sapling":1},"minecraft:custom":{"minecraft:jump":111,"minecraft:time_since_rest":4512,"minecraft:damage_dealt":10,"minecraft:crouch_one_cm":187,"minecraft:leave_game":1,"minecraft:play_time":4512,"minecraft:sprint_one_cm":6139,"minecraft:damage_taken":30,"minecraft:time_since_death":4512,"minecraft:walk_one_cm":2702,"minecraft:sneak_time":136,"minecraft:total_world_time":4512,"minecraft:fall_one_cm":2681,"minecraft:fly_one_cm":69368},"minecraft:used":{"minecraft:redstone_block":1,"minecraft:tnt":2}},"DataVersion":3465}