{"stats":{"minecraft:killed_by":{"minecraft:creeper":2,"minecraft:vindicator":3,"minecraft:piglin":1,"minecraft:skeleton":3,"minecraft:zombie":1,"minecraft:vex":1},"minecraft:custom":{"minecraft:mob_kills":71,"minecraft:interact_with_crafting_table":42,"minecraft:leave_game":3,"minecraft:time_since_death":32533,"minecraft:climb_one_cm":1491,"minecraft:sprint_one_cm":552523,"minecraft:walk_one_cm":473693,"minecraft:damage_blocked_by_shield":2287,"minecraft:drop":89,"minecraft:talked_to_villager":5,"minecraft:play_time":195985,"minecraft:deaths":13,"minecraft:sneak_time":5667,"minecraft:walk_under_water_one_cm":6648,"minecraft:boat_one_cm":177484,"minecraft:jump":2893,"minecraft:walk_on_water_one_cm":20825,"minecraft:total_world_time":195985,"minecraft:interact_with_furnace":27,"minecraft:traded_with_villager":1,"minecraft:interact_with_cartography_table":1,"minecraft:interact_with_grindstone":1,"minecraft:sleep_in_bed":4,"minecraft:time_since_rest":6975,"minecraft:damage_taken":5850,"minecraft:damage_dealt":9399,"minecraft:swim_one_cm":13460,"minecraft:fly_one_cm":540544,"minecraft:open_chest":68,"minecraft:crouch_one_cm":24132,"minecraft:fall_one_cm":72353},"minecraft:crafted":{"minecraft:oak_door":3,"minecraft:redstone":2,"minecraft:furnace":2,"minecraft:bone_meal":18,"minecraft:glass":43,"minecraft:diamond_helmet":1,"minecraft:iron_boots":1,"minecraft:iron_axe":2,"minecraft:stone_pickaxe":1,"minecraft:chest":4,"minecraft:diamond_boots":1,"minecraft:dark_oak_planks":192,"minecraft:wheat":72,"minecraft:golden_boots":1,"minecraft:cooked_beef":7,"minecraft:oak_slab":60,"minecraft:diamond_sword":1,"minecraft:crafting_table":1,"minecraft:wooden_pickaxe":1,"minecraft:iron_helmet":1,"minecraft:iron_sword":1,"minecraft:stone_axe":1,"minecraft:air":0,"minecraft:bread":23,"minecraft:diamond_pickaxe":1,"minecraft:shield":2,"minecraft:stick":24,"minecraft:iron_ingot":74,"minecraft:iron_pickaxe":1,"minecraft:oak_stairs":48,"minecraft:iron_shovel":1,"minecraft:iron_leggings":1,"minecraft:gold_ingot":57},"minecraft:picked_up":{"minecraft:cocoa_beans":3,"minecraft:crafting_table":7,"minecraft:wheat":14,"minecraft:splash_potion":2,"minecraft:chicken":2,"minecraft:clay_ball":4,"minecraft:wooden_pickaxe":1,"minecraft:oak_stairs":31,"minecraft:enchanted_book":1,"minecraft:nether_brick":42,"minecraft:shield":1,"minecraft:string":43,"minecraft:soul_soil":4,"minecraft:raw_copper":4,"minecraft:iron_axe":3,"minecraft:white_carpet":10,"minecraft:blackstone":51,"minecraft:cartography_table":2,"minecraft:gold_nugget":114,"minecraft:cobbled_deepslate":52,"minecraft:beef":87,"minecraft:rose_bush":8,"minecraft:poppy":1,"minecraft:iron_nugget":22,"minecraft:light_gray_wool":1,"minecraft:sugar_cane":1,"minecraft:melon_slice":8,"minecraft:chest":5,"minecraft:diamond_hoe":1,"minecraft:egg":1,"minecraft:furnace":4,"minecraft:dark_oak_sapling":28,"minecraft:stick":14,"minecraft:raw_iron":120,"minecraft:oak_fence":8,"minecraft:spruce_stairs":1,"minecraft:fire_charge":8,"minecraft:porkchop":15,"minecraft:diorite":3,"minecraft:redstone":75,"minecraft:dark_oak_planks":14,"minecraft:arrow":20,"minecraft:rotten_flesh":19,"minecraft:tropical_fish":1,"minecraft:hay_block":21,"minecraft:gold_ingot":2,"minecraft:blaze_rod":1,"minecraft:glow_berries":11,"minecraft:obsidian":19,"minecraft:mutton":25,"minecraft:bone_block":5,"minecraft:white_wool":25,"minecraft:cobblestone":359,"minecraft:leather_chestplate":1,"minecraft:feather":1,"minecraft:cooked_beef":1,"minecraft:basalt":2,"minecraft:andesite":3,"minecraft:leather":51,"minecraft:dark_oak_boat":1,"minecraft:red_mushroom":1,"minecraft:smoker":1,"minecraft:potato":13,"minecraft:flint":5,"minecraft:tuff":7,"minecraft:oak_log":20,"minecraft:golden_boots":1,"minecraft:yellow_bed":1,"minecraft:cobblestone_wall":3,"minecraft:gunpowder":1,"minecraft:cobblestone_stairs":1,"minecraft:lapis_lazuli":86,"minecraft:dirt":173,"minecraft:paper":1,"minecraft:coast_armor_trim_smithing_template":2,"minecraft:red_carpet":6,"minecraft:bone":14,"minecraft:apple":6,"minecraft:bow":1,"minecraft:wheat_seeds":18,"minecraft:raw_gold":29,"minecraft:iron_ingot":2,"minecraft:grindstone":2,"minecraft:moss_block":9,"minecraft:iron_sword":1,"minecraft:oak_planks":34,"minecraft:soul_sand":22,"minecraft:book":1,"minecraft:oak_slab":47,"minecraft:pumpkin":12,"minecraft:sweet_berries":6,"minecraft:quartz":493,"minecraft:dandelion":2,"minecraft:gravel":39,"minecraft:birch_stairs":2,"minecraft:sand":43,"minecraft:stripped_spruce_log":1,"minecraft:spruce_log":1,"minecraft:crying_obsidian":22,"minecraft:spectral_arrow":66,"minecraft:dark_oak_log":52,"minecraft:diamond":10,"minecraft:stone_axe":2,"minecraft:iron_helmet":1,"minecraft:granite":10,"minecraft:bricks":2,"minecraft:bread":35,"minecraft:emerald":12,"minecraft:oak_sapling":21,"minecraft:netherrack":372,"minecraft:coal":121,"minecraft:oak_leaves":56,"minecraft:crimson_roots":1,"minecraft:sunflower":22,"minecraft:diamond_pickaxe":4},"minecraft:killed":{"minecraft:vex":1,"minecraft:spider":3,"minecraft:vindicator":3,"minecraft:skeleton":8,"minecraft:chicken":3,"minecraft:llama":1,"minecraft:axolotl":1,"minecraft:turtle":1,"minecraft:magma_cube":1,"minecraft:pig":7,"minecraft:sheep":15,"minecraft:zombie":9,"minecraft:blaze":1,"minecraft:cow":13},"minecraft:dropped":{"minecraft:oak_slab":4,"minecraft:moss_block":9,"minecraft:oak_log":20,"minecraft:crafting_table":2,"minecraft:dark_oak_sapling":28,"minecraft:oak_fence":4,"minecraft:cobblestone":284,"minecraft:granite":2,"minecraft:coal":35,"minecraft:red_carpet":2,"minecraft:music_disc_13":1,"minecraft:stick":3,"minecraft:dirt":15,"minecraft:rose_bush":1,"minecraft:bone_block":5,"minecraft:iron_axe":4,"minecraft:iron_pickaxe":1,"minecraft:string":3,"minecraft:dark_oak_planks":87,"minecraft:redstone":27,"minecraft:bone":10,"minecraft:oak_door":1,"minecraft:gravel":6,"minecraft:bricks":1,"minecraft:stone_axe":3,"minecraft:soul_soil":4,"minecraft:cobbled_deepslate":4,"minecraft:wheat":14,"minecraft:white_carpet":10,"minecraft:light_gray_wool":1,"minecraft:clay_ball":4,"minecraft:gunpowder":3,"minecraft:diamond_pickaxe":2,"minecraft:beetroot_seeds":2,"minecraft:spruce_log":1,"minecraft:arrow":5,"minecraft:stone_pickaxe":1,"minecraft:wooden_pickaxe":2,"minecraft:vex_armor_trim_smithing_template":1,"minecraft:netherrack":26},"minecraft:used":{"minecraft:oak_fence":4,"minecraft:iron_shovel":70,"minecraft:tropical_fish":1,"minecraft:chest":8,"minecraft:shield":45,"minecraft:iron_sword":33,"minecraft:netherrack":262,"minecraft:oak_door":2,"minecraft:dirt":19,"minecraft:tuff":7,"minecraft:stripped_spruce_log":1,"minecraft:glass":32,"minecraft:dark_oak_planks":21,"minecraft:iron_axe":205,"minecraft:oak_stairs":54,"minecraft:beef":1,"minecraft:dark_oak_boat":1,"minecraft:oak_sapling":5,"minecraft:furnace":5,"minecraft:cooked_beef":8,"minecraft:cobbled_deepslate":32,"minecraft:diorite":1,"minecraft:stone_pickaxe":20,"minecraft:oak_planks":41,"minecraft:wooden_pickaxe":4,"minecraft:oak_leaves":4,"minecraft:glow_berries":11,"minecraft:oak_slab":17,"minecraft:crafting_table":6,"minecraft:shears":56,"minecraft:diamond_pickaxe":1198,"minecraft:apple":1,"minecraft:dark_oak_log":3,"minecraft:chicken":1,"minecraft:bread":41,"minecraft:iron_pickaxe":108,"minecraft:stone_axe":68,"minecraft:fire_charge":1,"minecraft:cobblestone":42,"minecraft:yellow_bed":1,"minecraft:bone_meal":18},"minecraft:mined":{"minecraft:dark_oak_planks":7,"minecraft:nether_gold_ore":23,"minecraft:crying_obsidian":3,"minecraft:tuff":9,"minecraft:dark_oak_leaves":10,"minecraft:deepslate_diamond_ore":9,"minecraft:dark_oak_log":53,"minecraft:obsidian":12,"minecraft:cave_vines_plant":6,"minecraft:granite":21,"minecraft:grass_block":11,"minecraft:crimson_roots":1,"minecraft:soul_soil":4,"minecraft:moss_block":3,"minecraft:cartography_table":1,"minecraft:sandstone":11,"minecraft:hay_block":21,"minecraft:furnace":4,"minecraft:iron_ore":69,"minecraft:fire":5,"minecraft:andesite":17,"minecraft:stripped_spruce_log":1,"minecraft:deepslate_lapis_ore":8,"minecraft:cave_vines":34,"minecraft:deepslate_iron_ore":41,"minecraft:oak_stairs":10,"minecraft:stone":271,"minecraft:bone_block":5,"minecraft:deepslate_redstone_ore":5,"minecraft:soul_sand":4,"minecraft:soul_fire":1,"minecraft:basalt":3,"minecraft:clay":1,"minecraft:oak_fence":8,"minecraft:crafting_table":6,"minecraft:short_grass":13,"minecraft:chest":3,"minecraft:nether_quartz_ore":220,"minecraft:copper_ore":1,"minecraft:cobblestone":45,"minecraft:deepslate_gold_ore":21,"minecraft:grindstone":1,"minecraft:oak_planks":13,"minecraft:diorite":3,"minecraft:yellow_bed":1,"minecraft:stone_brick_stairs":1,"minecraft:oak_log":19,"minecraft:coal_ore":54,"minecraft:gravel":4,"minecraft:dirt":16,"minecraft:sand":43,"minecraft:netherrack":332,"minecraft:gold_ore":9,"minecraft:oak_leaves":400,"minecraft:deepslate":51}},"DataVersion":3700}