{
  "minecraft:recipes/decorations/crafting_table": {
    "criteria": {
      "unlock_right_away": "2024-09-22 11:41:13 +0000"
    },
    "done": true
  },
  "minecraft:adventure/adventuring_time": {
    "criteria": {
      "minecraft:forest": "2024-09-22 11:42:21 +0000",
      "minecraft:old_growth_birch_forest": "2024-09-22 11:41:16 +0000",
      "minecraft:plains": "2024-09-22 11:48:48 +0000"
    },
    "done": false
  },
  "minecraft:recipes/redstone/redstone": {
    "criteria": {
      "has_redstone_block": "2024-09-22 11:48:38 +0000"
    },
    "done": true
  },
  "DataVersion": 3465
}